BindingDB_ID,chEMBL_ID,Ki_nM,IC50_nM,Kd_nM,EC50_nM,Molecule_name,Molecule_type,Molecular_formula,Molecular_weight,Synonyms,IN_ID
BDBM24990,CHEMBL506153,,126.0,,,GW876790X,Small molecule,C14H18N8O2,330.35,GW876790X,IN0
BDBM24996,CHEMBL188434,,200.0,,,SB747651,Small molecule,C16H22N8O,342.41,"SB-747651, SB-747651A",IN1
BDBM25013,CHEMBL494089,,2.0,,,GSK690693,Small molecule,C21H27N7O3,425.49,GSK690693,IN2
BDBM25474,CHEMBL521179,,7491.0,,,SR3677,Small molecule,C22H24N4O4,408.46,SR-3677,IN3
BDBM29508,CHEMBL474390,,198.0,,,FRENOLICIN B,Small molecule,C18H16O6,328.32,Frenolicin B,IN4
BDBM29510,CHEMBL444165,,424.0,,,DEOXYFRENOLICIN,Small molecule,C18H18O6,330.34,deoxyfrenolicin,IN5
BDBM60631,CHEMBL3112866,,16.0,,,SAR260301,Small molecule,C19H22N4O3,354.41,SAR-260301,IN6
BDBM15211,CHEMBL104264,,1700.0,,,H89,Small molecule,C20H20BrN3O2S,446.37,H-89,IN7
BDBM50313650,CHEMBL1079175,,10.0,,,MK2206,Small molecule,C25H21N5O,407.48,MK-2206,IN8
BDBM50326053,CHEMBL608533,,,950.0,,MIDOSTAURIN,Small molecule,C35H30N4O4,570.65,"NVP-PKC412, PKC-412, Midostaurin, CGP-41251, Rydapt",IN9
BDBM50308060,CHEMBL603469,,,4400.0,,LESTAURTINIB,Small molecule,C26H21N3O4,439.47,"A-1544750, KT-5555, SP-924, CEP-701, Cep-701, SPM-924, Lestaurtinib, SP924, KT-555, A-154475",IN10
BDBM50026612,CHEMBL502835,,,10000.0,,NINTEDANIB,Small molecule,C31H33N5O4,539.64,"Nintedanib, BIBF-1120, Vargatef, Ofev",IN11
BDBM50398379,CHEMBL2177390,,5.0,,,IPATASERTIB,Small molecule,C24H32ClN5O2,458.01,"RG-7440, Ipatasertib, GDC-0068",IN12
BDBM50186460,CHEMBL209148,,50000.0,,,BMS509744,Small molecule,C32H41N5O4S2,623.85,BMS-509744,IN13
BDBM47167,CHEMBL201511,,100000.0,,,MALEIMIDE,Small molecule,C21H18N2O5,378.38,Maleimide,IN14
BDBM50201227,CHEMBL391738,,5000.0,,,SKS927,Small molecule,C27H27Cl2N5O2,524.45,SKS-927,IN15
BDBM21079,CHEMBL223360,,50000.0,,,LINIFANIB,Small molecule,C21H18FN5O,375.41,"RG-3635, Linifanib, AL-39324, ABT-869",IN16
BDBM50221346,CHEMBL237570,,30000.0,,,SB630812,Small molecule,C28H25N3O2S,467.59,SB-630812,IN17
BDBM158154,CHEMBL1983268,,10000.0,,,ENTRECTINIB,Small molecule,C31H34F2N6O2,560.65,"Entrectinib, NMS-E628, RXDX-101",IN18
BDBM50170284,CHEMBL3137336,,18.0,,,UPROSERTIB,Small molecule,C18H16Cl2F2N4O2,429.25,"GSK2141795, Uprosertib, GSK2141795C",IN19
BDBM50431630,CHEMBL372764,,43350.0,,,PERIFOSINE,Small molecule,C25H52NO4P,461.67,"KRX-0401, Perifosine",IN20
BDBM15131,CHEMBL379300,,0.16,,,A443654,Small molecule,C24H23N5O,397.48,"A-443654, A-4436554",IN21
BDBM50304360,CHEMBL595349,80.0,,,,"Benzene-1,2,3,4-Tetrayl Tetrakis(Hydrogen Phosphate)",Small molecule,C6H10O16P4,462.03,"Benzene-1,2,3,4-Tetrayl Tetrakis(Hydrogen Phosphate)",IN22
BDBM15138,CHEMBL379218,,125.0,,,A674563,Small molecule,C22H22N4O,358.45,A-674563,IN23
BDBM50237622,CHEMBL263664,,0.66,,,CCT128930,Small molecule,C18H20ClN5,341.85,CCT128930,IN24
BDBM50310142,CHEMBL609039,,100000.0,,,BI90H6,Small molecule,C8H9N5O2S3,303.39,BI-90H6,IN25
BDBM50310148,CHEMBL611079,,100000.0,,,BI90H9,Small molecule,C8H9N5O3S3,319.39,BI-90H9,IN26
BDBM50310146,CHEMBL599111,,100000.0,,,BI90H10,Small molecule,C15H15N5O4S3,425.52,BI-90H10,IN27
BDBM50310147,CHEMBL599518,,100000.0,,,BI98A10,Small molecule,C9H11N5O2S3,317.42,BI-98A10,IN28
BDBM50316026,CHEMBL1089661,,940.0,,,PTR6154,Protein,C41H71N15O8,902.12,PTR-6154,IN29
BDBM50316188,CHEMBL1096290,,6.0,,,GSK1000163A,Small molecule,C20H25N7O2,395.47,GSK1000163A,IN30
BDBM50316190,CHEMBL1096634,,3.0,,,GSK943949A,Small molecule,C23H25N7O3,447.5,GSK943949A,IN31
BDBM50316191,CHEMBL1096626,,5.0,,,GSK938890A,Small molecule,C23H25N7O3,447.5,GSK938890A,IN32
BDBM50277583,CHEMBL482967,10000.0,,,,CYC116,Small molecule,C18H20N6OS,368.47,CYC-116,IN33
BDBM16673,CHEMBL1336,,,10000.0,,SORAFENIB,Small molecule,C21H16ClF3N4O3,464.83,"Sorafenib, BAY-43-9006, Nexavar",IN34
BDBM13535,CHEMBL124660,,,10000.0,,TANDUTINIB,Small molecule,C31H42N6O4,562.72,"CT-53518, MLN-518, MLN-0518, Tandutinib",IN35
BDBM50326054,CHEMBL1240703,,,10000.0,,CGP52421,Small molecule,C35H30N4O5,586.65,CGP-52421,IN36
BDBM4814,CHEMBL535,,,10000.0,,SUNITINIB,Small molecule,C22H27FN4O2,398.48,"Sunitinib, Sutent, SU-11248, Sutent",IN37
BDBM50300690,CHEMBL576982,,,10000.0,,QUIZARTINIB,Small molecule,C29H32N6O4S,560.68,"AC010220, AC220, Quizartinib, ASP-2689, AC-220",IN38
BDBM11242,CHEMBL1448,,59400.0,,,NICLOSAMIDE,Small molecule,C13H8Cl2N2O4,327.12,"BAY-2353, Niclosamide, Lintex, Yomesan, Niclocide, Ex A Lint, Nicloside",IN39
BDBM50341243,CHEMBL1765740,,10000.0,,,GSK2334470,Small molecule,C25H34N8O,462.6,GSK2334470,IN40
BDBM50350423,CHEMBL466154,,100000.0,,,NORLICHEXANTHONE,Small molecule,C14H10O5,258.23,Norlichexanthone,IN41
BDBM50350424,CHEMBL454440,,100000.0,,,ANOMALIN A,Small molecule,C14H10O6,274.23,Anomalin A,IN42
BDBM16223,CHEMBL389685,,400000.0,,,7-Azaindole,Small molecule,C7H6N2,118.14,"7-Azaindole, 1H-Pyrrolo[2,3-B]Pyridine",IN43
BDBM24627,CHEMBL86795,,400000.0,,,INDAZOLE,Small molecule,C7H6N2,118.14,1H-Indazole,IN44
BDBM50355393,CHEMBL1852688,,10000.0,,,BGJ398,Small molecule,C26H31Cl2N7O3,560.49,"NVP-BGJ398, BGJ-398",IN45
BDBM50355496,CHEMBL1908397,,,10000.0,,KW2449,Small molecule,C20H20N4O,332.41,KW-2449,IN46
BDBM50355495,CHEMBL1908391,,,10000.0,,MASITINIB,Small molecule,C28H30N6OS,498.66,"Masitinib, AB-1010, Masivet, Kinavet",IN47
BDBM50306682,CHEMBL601719,,,10000.0,,CRIZOTINIB,Small molecule,C21H22Cl2FN5O,450.35,"PF-2341066, Crizotinib, Xalkori",IN48
BDBM27817,CHEMBL464552,,,10000.0,,GSK1838705A,Small molecule,C27H29FN8O3,532.58,GSK1838705A,IN49
BDBM50128285,CHEMBL300138,,,10000.0,,ENZASTAURIN,Small molecule,C32H29N5O2,515.62,"Enzastaurin, LY-317615",IN50
BDBM60665,CHEMBL475251,,,10000.0,,R406,Small molecule,C22H23FN6O5,470.46,R-406,IN51
BDBM13530,CHEMBL941,,,10000.0,,IMATINIB,Small molecule,C29H31N7O,493.62,"Gleevec, STI-571, Imatinib",IN52
BDBM25121,CHEMBL513909,,,10000.0,,BI2536,Small molecule,C28H39N7O3,521.67,BI-2536,IN53
BDBM25084,CHEMBL230011,,,10000.0,,TG100115,Small molecule,C18H14N6O2,346.35,TG100-115,IN54
BDBM6568,CHEMBL386051,,,10000.0,,PD17395,Small molecule,C21H16Cl2N4OS,443.36,"PD-17395, PD-0173955",IN55
BDBM50355501,CHEMBL1789941,,,10000.0,,RUXOLITINIB,Small molecule,C17H18N6,306.37,"INCB-018424, Ruxolitinib, Jakavi",IN56
BDBM5446,CHEMBL553,,,10000.0,,ERLOTINIB,Small molecule,C22H23N3O4,393.44,"CP-358774, R-1415, Ro-508231, RG-1415, OSI-774, Erlotinib, Tarceva",IN57
BDBM26300,CHEMBL215152,,,10000.0,,AZD1152HQPA,Small molecule,C26H30FN7O3,507.57,"AZD-1152-HQPA, Barasertib",IN58
BDBM25118,CHEMBL522892,,,10000.0,,DOVITINIB,Small molecule,C21H21FN6O,392.44,"NVP-TKI258, Dovitinib, CHIR-258, TKI-258, GFKI-258",IN59
BDBM50242737,CHEMBL450786,,,10000.0,,PHA665752,Small molecule,C32H34Cl2N4O4S,641.62,"TCMDC-125885, PHA-665752",IN60
BDBM25045,CHEMBL573339,,,10000.0,,PI103,Small molecule,C19H16N4O3,348.36,PI-103,IN61
BDBM13216,CHEMBL1421,,,10000.0,,DASATINIB,Small molecule,C22H26ClN7O2S,488.02,"Dasatinib, BMS-354825, BMS-354825-03, Dasatinib, Sprycel",IN62
BDBM50184807,CHEMBL377300,,,10000.0,,BRIVANIB,Small molecule,C19H19FN4O3,370.38,"BMS-540215, Brivanib",IN63
BDBM50309910,CHEMBL608154,,,10000.0,,ML120B,Small molecule,C19H15ClN4O2,366.81,ML-120B,IN64
BDBM50355497,CHEMBL1614701,,,10000.0,,SELUMETINIB,Small molecule,C17H15BrClFN4O3,457.69,"AZD-6244, ARRY-142886, ARRY-886, Selumetinib",IN65
BDBM15244,CHEMBL119385,,,10000.0,,NEFLAMAPIMOD,Small molecule,C19H9Cl2F2N3OS,436.27,"VD-31, VRT-031745, VX-745, Neflamapimod, 745",IN66
BDBM17055,CHEMBL91829,,,10000.0,,RUBOXISTAURIN,Small molecule,C28H28N4O3,468.56,"Ruboxistaurin, LY-333531, Arxxant",IN67
BDBM5931,CHEMBL296468,,,10000.0,,BMS387032,Small molecule,C17H24N4O2S2,380.54,"BMS-387032, SNS-032",IN68
BDBM31088,CHEMBL558752,,,10000.0,,RAF265,Small molecule,C24H16F6N6O,518.42,"NVP-RAF265, CHIR-265, RAF-265",IN69
BDBM25919,CHEMBL249697,,,10000.0,,BMS345541,Small molecule,C14H17N5,255.32,BMS-345541,IN70
BDBM50355500,CHEMBL1908394,,,10000.0,,GSK461364,Small molecule,C27H28F3N5O2S,543.62,"GSK461364, GSK461364A",IN71
BDBM50242742,CHEMBL509032,,,10000.0,,TAE684,Small molecule,C30H40ClN7O3S,614.22,NVP-TAE684,IN72
BDBM50322823,CHEMBL1173655,,,10000.0,,AFATINIB,Small molecule,C24H25ClFN5O3,485.95,"BIBW-2992, Afatinib, Gilotrif, Giotrif",IN73
BDBM5445,CHEMBL554,,,10000.0,,LAPATINIB,Small molecule,C29H26ClFN4O4S,581.07,"GW-2016, GW-572016, Lapatinib, Tyverb",IN74
BDBM24654,CHEMBL445813,,,10000.0,,AT7519,Small molecule,C16H17Cl2N5O2,382.25,AT-7519,IN75
BDBM50355494,CHEMBL1908396,,,10000.0,,Ki20227,Small molecule,C24H24N4O5S,480.55,Ki-20227,IN76
BDBM25617,CHEMBL1230020,,,10000.0,,PLX4720,Small molecule,C17H14ClF2N3O3S,413.83,PLX-4720,IN77
BDBM50161957,CHEMBL180022,,,10000.0,,NERATINIB,Small molecule,C30H29ClN6O3,557.05,"Neratinib, WAY-179272, CDP-820, HKI-272",IN78
BDBM5447,CHEMBL939,,,10000.0,,GEFITINIB,Small molecule,C22H24ClFN4O3,446.91,"Iressa, Gefitinib, ZD-1839, Iressa",IN79
BDBM50237710,CHEMBL255863,,,10000.0,,NILOTINIB,Small molecule,C28H22F3N7O,529.53,"Nilotinib, AMN-107, Tasigna",IN80
BDBM31093,CHEMBL259084,,,10000.0,,MLN8054,Small molecule,C25H15ClF2N4O2,476.87,MLN-8054,IN81
BDBM60589,CHEMBL1236107,,,10000.0,,SGX523,Small molecule,C18H13N7S,359.42,SGX-523,IN82
BDBM50332294,CHEMBL1287853,,,10000.0,,FEDRATINIB,Small molecule,C27H36N6O3S,524.69,"SAR-302503, TG-101348, Fedratinib, TG101348",IN83
BDBM24773,CHEMBL572881,,,10000.0,,MOTESANIB,Small molecule,C22H23N5O,373.46,"AMG-706, Motesanib",IN84
BDBM25117,CHEMBL1289926,,,10000.0,,AXITINIB,Small molecule,C22H18N4OS,386.48,"AG-013736, AG-13736, Axitinib, Inlyta",IN85
BDBM31095,CHEMBL1721885,,,10000.0,,SU014813,Small molecule,C23H27FN4O4,442.49,"SU-014813, SU-14813",IN86
BDBM5655,CHEMBL428690,,,10000.0,,ALVOCIDIB,Small molecule,C21H20ClNO5,401.85,"L-868275, NSC-649890, L-86-8275, Flavopiridol, MDL-107826A, Alvocidib, HMR-1275, HL-275",IN87
BDBM4779,CHEMBL31965,,,10000.0,,CANERTINIB,Small molecule,C24H25ClFN5O3,485.95,"CI-1033, Canertinib",IN88
BDBM50331096,CHEMBL491473,,,10000.0,,CEDIRANIB,Small molecule,C25H27FN4O3,450.51,"ZD-2171, Cediranib, AZD-2171, Recentin",IN89
BDBM31085,CHEMBL574738,,,10000.0,,AST487,Small molecule,C26H30F3N7O2,529.57,"AST-487, NVP-AST487",IN90
BDBM13534,CHEMBL572878,,,10000.0,,TOZASERTIB,Small molecule,C23H28N8OS,464.6,"VX-68, VX-680, MK-0457, Tozasertib, MK-045",IN91
BDBM32362,CHEMBL261849,,,10000.0,,GW632580X,Small molecule,C20H22N4O3,366.42,"GW632580X, GW2580",IN92
BDBM21,CHEMBL24828,,,10000.0,,VANDETANIB,Small molecule,C22H24BrFN4O2,475.36,"GNF-Pf-2188, ZD-64, Vandetanib, ZD-6474, Caprelsa, Zactima",IN93
BDBM12621,CHEMBL384304,,,10000.0,,RG547,Small molecule,C18H21F2N5O4S,441.46,"RG-547, R-547",IN94
BDBM26474,CHEMBL477772,,,10000.0,,PAZOPANIB,Small molecule,C21H23N7O2S,437.53,"Pazopanib, GW786034, Votrient",IN95
BDBM13533,CHEMBL103667,,,10000.0,,DORAMAPIMOD,Small molecule,C31H37N5O3,527.67,"BIRB-796, Doramapimod",IN96
BDBM4851,CHEMBL101253,,,10000.0,,VATALANIB,Small molecule,C20H15ClN4,346.82,"BAY-86-5127, PTK-787, CGP-79787, K-222584, ZK-222584, PTK787, NVP-PTK787, Vatalanib",IN97
BDBM50355499,CHEMBL1908842,,,10000.0,,JNJ28312141,Small molecule,C26H32N6O2,460.58,JNJ-28312141,IN98
BDBM25028,CHEMBL521851,,,10000.0,,PICTILISIB,Small molecule,C23H27N7O3S2,513.65,"RG-7321, Pictilisib, GDC-0941",IN99
BDBM4552,CHEMBL288441,,,10000.0,,BOSUTINIB,Small molecule,C26H29Cl2N5O3,530.46,"Bosutinib Monohydrate, SKI-606, Bosutinib, Bosulif",IN100
BDBM50193995,CHEMBL221959,,,10000.0,,TOFACITINIB,Small molecule,C16H20N6O,312.38,"Tasocitinib, CP-690550, Tofacitinib, CP-690, 550",IN101
BDBM13336,CHEMBL10,,,10000.0,,SB203580,Small molecule,C21H16FN3OS,377.44,SB-203580,IN102
BDBM50132260,CHEMBL105442,,,10000.0,,CI1040,Small molecule,C17H14ClF2IN2O2,478.66,"PD-184352, PD-18435, CI-1040",IN103
BDBM50358099,CHEMBL466143,,143900.0,,,DEMETHYLXANTHOHUMOL,Small molecule,C20H20O5,340.38,Demethylxanthohumol,IN104
BDBM50358243,CHEMBL1922224,,100000.0,,,Rel-Astrogorgol F,Small molecule,C27H42O2,398.63,Rel-Astrogorgol F,IN105
BDBM50358245,CHEMBL1922225,,100000.0,,,24-Exomethylenecalicoferol E,Small molecule,C28H42O2,410.64,24-Exomethylenecalicoferol E,IN106
BDBM50358246,CHEMBL456936,,100000.0,,,CALICOFEROL E,Small molecule,C27H42O2,398.63,Calicoferol E,IN107
BDBM50358247,CHEMBL517956,,100000.0,,,ASTROGORGIADIOL,Small molecule,C27H44O2,400.65,Astrogorgiadiol,IN108
BDBM50358248,CHEMBL456294,,100000.0,,,CALICOFEROL I,Small molecule,C27H42O3,414.63,Calicoferol I,IN109
BDBM50358249,CHEMBL515982,,100000.0,,,CALICOFEROL C,Small molecule,C28H44O2,412.66,Calicoferol C,IN110
BDBM50365218,CHEMBL1956071,,324.0,,,SB7720770B,Small molecule,C15H18N8O2,342.36,SB-7720770B,IN111
BDBM4078,CHEMBL6246,,3340.0,,,ELLAGIC ACID,Small molecule,C14H6O8,302.19,"Benzoaric Acid, Ellagic Acid",IN112
BDBM50242733,CHEMBL3544960,,38.0,,,AT13148,Small molecule,C17H16ClN3O,313.79,AT-13148,IN113
BDBM50313013,CHEMBL1080901,,10000.0,,,CT98024,Small molecule,C20H17Cl2N9O2,486.32,CT-98024,IN114
BDBM50325983,CHEMBL412142,,10000.0,,,CHIR99021,Small molecule,C22H18Cl2N8,465.35,CHIR-99021,IN115
BDBM50150699,CHEMBL362558,,20000.0,,,LY2090314,Small molecule,C28H25FN6O3,512.55,LY-2090314,IN116
BDBM19459,CHEMBL44,,70000.0,,,GENISTEIN,Small molecule,C15H10O5,270.24,NSC-36586,IN117
BDBM31340,CHEMBL483321,,,10000.0,,CP724714,Small molecule,C27H27N5O3,469.55,CP-724714,IN118
BDBM31090,CHEMBL607707,,,10000.0,,PELITINIB,Small molecule,C24H23ClFN5O2,467.93,"EKB-569, WAY-EKB-569, Pelitinib",IN119
BDBM6866,CHEMBL191003,,,10000.0,,JNJ7706621,Small molecule,C15H12F2N6O3S,394.36,JNJ-7706621,IN120
BDBM7533,CHEMBL14762,,,10000.0,,SELICICLIB,Small molecule,C19H26N6O,354.46,"CYC-202, AL-39256, Seliciclib",IN121
BDBM13531,CHEMBL278041,,,10000.0,,SB202190,Small molecule,C20H14FN3O,331.35,SB-202190,IN122
BDBM50110208,CHEMBL440084,,,10000.0,,SB431542,Small molecule,C22H16N4O3,384.4,SB-431542,IN123
BDBM50306888,CHEMBL603097,,11400.0,,,SCH47089,Small molecule,C13H13N3O2,243.27,SCH-47089,IN124
BDBM50378657,CHEMBL1230607,,10000.0,,,PHA793887,Small molecule,C19H31N5O2,361.49,PHA-793887,IN125
BDBM27344,CHEMBL225519,,10000.0,,,PHA767491,Small molecule,C12H11N3O,213.24,PHA-767491,IN126
BDBM24466,CHEMBL460472,,10000.0,,,AMG458,Small molecule,C30H29N5O5,539.59,AMG-458,IN127
BDBM50385175,CHEMBL2036866,,100000.0,,,NSC750416,Small molecule,C19H17N5O2,347.38,NSC-750416,IN128
BDBM50308188,CHEMBL603463,,100000.0,,,NSC743304,Small molecule,C19H16N4O3,348.36,NSC-743304,IN129
BDBM50403054,CHEMBL2216825,,149.0,,,LACTOQUINOMYCIN,Small molecule,C24H27NO8,457.48,Lactoquinomycin,IN130
BDBM50307942,CHEMBL598194,,13.0,,,CCT129524,Small molecule,C19H21ClN6O,384.87,CCT129524,IN131
BDBM50011796,CHEMBL28509,,3500.0,,,EDELFOSINE,Small molecule,C27H58NO6P,523.74,Edelfosine,IN132
BDBM50034220,CHEMBL125,,9600.0,,,MILTEFOSINE,Small molecule,C21H46NO4P,407.58,"HDPC, Miltefosine, D-18506, Impavido, Miltex, Miltefosine",IN133
BDBM50380313,CHEMBL1234354,,13.0,,,PF04691502,Small molecule,C22H27N5O4,425.49,PF-04691502,IN134
BDBM24776,CHEMBL55934,,10980.0,,,NAPHTHOQUINONE,Small molecule,C10H6O2,158.16,"Naphthoquinone 1, Naphthalene-1,4-Dione, 1,4-Naphthoquinone, 1,4-Naphtho-Quinone",IN135
BDBM7460,CHEMBL50,,5390.0,,,QUERCETIN,Small molecule,C15H10O7,302.24,"Meletin, C.I. Natural Red 1, Sophoretin, NSC-9219, Xanthaurine",IN136
BDBM27223,CHEMBL495766,,1000000.0,,,ARC1031,Small molecule,C16H23N7O5,393.4,ARC-1031,IN137
BDBM27224,CHEMBL501706,,1610.0,,,ARC1032,Small molecule,C22H35N11O6,549.59,ARC-1032,IN138
BDBM27225,CHEMBL297394,,774.0,,,ARC1012,Small molecule,C40H70N18O9,947.12,ARC-1012,IN139
BDBM27226,CHEMBL524516,,57.0,,,ARC1027,Small molecule,C52H94N26O11,1259.49,ARC-1027,IN140
BDBM27227,CHEMBL525385,,15.0,,,ARC1028,Small molecule,C64H118N34O13,1571.87,ARC-1028,IN141
BDBM27228,CHEMBL505949,,3750.0,,,ARC1039,Small molecule,C37H63N17O9,890.02,ARC-1039,IN142
BDBM27229,CHEMBL498924,,2038.0,,,ARC1044,Small molecule,C38H65N17O7,872.05,ARC-1044,IN143
BDBM50195879,CHEMBL241517,,10000.0,,,GW856804X,Small molecule,C19H13ClFN3O2S2,433.92,GW856804X,IN144
BDBM50275499,CHEMBL485745,,10000.0,,,GW434756X,Small molecule,C18H12FN3,289.31,GW434756X,IN145
BDBM50311728,CHEMBL1079921,,9552.0,,,SR6074,Small molecule,C25H27N5O2S,461.59,SR-6074,IN146
BDBM50311713,CHEMBL1080279,,247.0,,,SR6494,Small molecule,C23H25N5O2S,435.55,SR-6494,IN147
BDBM50328584,CHEMBL1256459,,,10000.0,,TORIN1,Small molecule,C35H28F3N5O2,607.64,Torin1,IN148
BDBM14027,CHEMBL38380,,8000.0,,,FASUDIL,Small molecule,C14H17N3O2S,291.38,"Fasudil, ZK-258594, AT-877, HA-1077",IN149
BDBM14029,CHEMBL559147,,8000.0,,,Y27632,Small molecule,C14H21N3O,247.34,Y-27632,IN150
BDBM50173320,CHEMBL384073,,100000.0,,,GSK180736A,Small molecule,C19H16FN5O2,365.37,GSK180736A,IN151
BDBM50049820,CHEMBL101892,180.0,,,,SANGIVAMYCIN,Small molecule,C12H15N5O5,309.28,Sangivamycin,IN152
BDBM22416,CHEMBL490,,100000.0,,,PAROXETINE,Small molecule,C19H20FNO3,329.37,"BRL-29060, Paxil, Paroxetine, Pexeva, Paxil [as hydrochloride]",IN153
BDBM3149,CHEMBL60254,,340.0,,,BALANOL,Small molecule,C28H26N2O10,550.52,Balanol,IN154
BDBM79498,CHEMBL258756,,,,36220.0,N-(4-Carboxymethene)Phenylpyrrole,Small molecule,C12H11NO2,201.22,N-(4-Carboxymethene)Phenylpyrrole,IN155
BDBM84342,CHEMBL1740,,,610.0,,RACEPINEPHRINE,Small molecule,C9H13NO3,183.21,"Racepinefrine, Racepinephrine, Vaponefrin",IN156
BDBM25392,CHEMBL434,,,200.0,,ISOPROTERENOL,Small molecule,C11H17NO3,211.26,"Isoprenaline, Isoproterenol",IN157
BDBM25770,CHEMBL1760,,,7400.0,,TERBUTALINE,Small molecule,C12H19NO3,225.29,"Brethaire, Brethine, Terbutaline, Bricanyl",IN158
BDBM50295572,CHEMBL776,,,13000.0,,METAPROTERENOL,Small molecule,C11H17NO3,211.26,"Orciprenaline, Metaproterenol",IN159
BDBM92679,CHEMBL327122,,,30000.0,,METATEROL,Small molecule,C11H17NO2,195.26,Metaterol,IN160
BDBM92680,CHEMBL109378,,,5200.0,,DETERENOL,Small molecule,C11H17NO2,195.26,Deterenol,IN161
BDBM16981,CHEMBL442229,,20.0,,,BX201,Small molecule,C14H12N4O2,268.28,BX-201,IN162
BDBM17004,CHEMBL228654,,5.0,,,BX517,Small molecule,C15H14N4O2,282.3,BX-517,IN163
BDBM17028,CHEMBL426078,,1100.0,,,SU6689,Small molecule,C15H14N2O2,254.29,SU-6689,IN164
BDBM17051,CHEMBL577784,,6.0,,,BX795,Small molecule,C23H26IN7O2S,591.48,BX-795,IN165
BDBM17053,CHEMBL573108,,39.0,,,BX320,Small molecule,C23H31BrN8O3,547.46,BX-320,IN166
BDBM11639,CHEMBL118,,48000.0,,,CELECOXIB,Small molecule,C17H14F3N3O2S,381.38,"SC-58635, Celecoxib, Celecoxib, Celebra, Celebrex, Onsenal",IN167
BDBM50430630,CHEMBL1650595,,5000.0,,,AR12,Small molecule,C26H19F3N4O,460.46,"OSU-03012, AR-12",IN168
BDBM10840,CHEMBL44541,,12000.0,,,MERIDIANIN C,Small molecule,C12H9BrN4,289.14,Meridianin C,IN169
BDBM50208879,CHEMBL388596,,50800.0,,,"2,6-DIAMINOPURINE",Small molecule,C5H6N6,150.15,"2,6-Diaminopurine",IN170
BDBM50339011,CHEMBL1688208,,95100.0,,,2-PHENYLTHIAZOLE,Small molecule,C9H7NS,161.23,2-Phenylthiazole,IN171
BDBM50339015,CHEMBL1688211,,160000.0,,,"Benzo[E][1,2,4]Triazin-3-Amine",Small molecule,C7H6N4,146.15,"Benzo[E][1,2,4]Triazin-3-Amine",IN172
BDBM27504,CHEMBL266540,,345000.0,,,QUINAZOLINONE,Small molecule,C8H6N2O,146.15,"Quinazolin-4-ol, 4-quinazolone",IN173
BDBM50091818,CHEMBL61743,,376000.0,,,ISOQUINOLIN-3-AMINE,Small molecule,C9H8N2,144.18,Isoquinolin-3-Amine,IN174
BDBM50321582,CHEMBL1172241,,85.0,,,NERVIANO,Small molecule,C30H35N9O2,553.67,Nerviano,IN175
BDBM50252521,CHEMBL492828,,58700.0,,,ISOXANTHOHUMOL,Small molecule,C21H22O5,354.4,Isoxanthohumol,IN176
BDBM50384998,CHEMBL253896,,6600.0,,,XANTHOHUMOL,Small molecule,C21H22O5,354.4,Xanthohumol,IN177
BDBM50004233,CHEMBL123,,4089.0,,,ELLIPTECINE,Small molecule,C17H14N2,246.31,"TCMDC-125546, Ellipticine",IN178
BDBM37928,CHEMBL1353528,,17440.0,,,TDR77225,Small molecule,C15H14N6,278.32,TDR77225,IN179
BDBM50358213,CHEMBL1922219,,200000.0,,,CCT68127,Small molecule,C19H27N7O,369.47,CCT68127,IN180
BDBM50219803,CHEMBL397521,,13.0,,,ARC6591B,Small molecule,C53H97N31O9,1312.57,ARC-6591B,IN181
BDBM50219805,CHEMBL438491,,97.0,,,ARC6591A,Small molecule,C53H97N31O9,1312.57,ARC-6591A,IN182
BDBM50168588,CHEMBL365286,960.0,,,,GW549034X,Small molecule,C11H11N5O,229.24,GW549034X,IN183
BDBM50280450,CHEMBL574737,,42.0,,,UCN01,Small molecule,C28H26N4O4,482.54,"KW-2401, UCN-01, KRX-0601, UCN-02",IN184
BDBM2581,CHEMBL16958,,25700.0,,,STAUROSPORINONE,Small molecule,C20H13N3O,311.34,K-252C,IN185
BDBM2683,CHEMBL7463,,2.3,,,GF109203,Small molecule,C25H24N4O2,412.49,"GF-109203X, GF-109203",IN186
BDBM33971,CHEMBL565612,,2.1,,,SOTRASTAURIN,Small molecule,C25H22N6O2,438.49,"NVP-AEB071, AEB-071, AEB071, Sotrastaurin",IN187
BDBM50130293,CHEMBL1112,10000.0,,,,ARIPIPRAZOLE,Small molecule,C23H27Cl2N3O2,448.39,"Aripiprazole, OPC-31, OPC-14597, Aripiprazole, Abilify mycite kit, Abilify Maintena, Abilify maintena kit, Abilify",IN188
BDBM50258529,CHEMBL449158,,,0.73,,BRYOSTATIN,Small molecule,C47H68O17,905.04,"Bryostatin 1, Bryostatin",IN189
BDBM50057513,CHEMBL267144,334.0,,,,BenzolactamV8,Small molecule,C15H22N2O2,262.35,Benzolactam-V8,IN190
BDBM15458,CHEMBL95692,,83.0,,,SB242235,Small molecule,C19H20FN5O,353.4,SB-242235,IN191
BDBM50105742,CHEMBL97162,,83.0,,,SB239063,Small molecule,C20H21FN4O2,368.41,SB-239063,IN192
BDBM50375662,CHEMBL411901,,6100.0,,,CGP74514,Small molecule,C19H24ClN7,385.9,CGP-74514,IN193
BDBM50035468,CHEMBL128547,7800.0,,,,NSC115290,Small molecule,C24H22N2O7S,482.51,NSC-115290,IN194
BDBM50052039,CHEMBL292495,,720.0,,,LY326449,Small molecule,C26H23N3O4,441.49,LY-326449,IN195
BDBM50162287,CHEMBL370100,,100000.0,,,REBECCAMYCIN,Small molecule,C27H21Cl2N3O7,570.39,Rebeccamycin,IN196
BDBM3033,CHEMBL302449,,2.0,,,GO6976,Small molecule,C24H18N4O,378.44,Go-6976,IN197
BDBM27216,CHEMBL23327,,10000.0,,,PURVALANOLA,Small molecule,C19H25ClN6O,388.9,"Purvalanol A, Piceatannol, Purvalanola",IN198
BDBM3175,CHEMBL6291,,33.0,,,BISINDOLYLMALEIMIDE IX,Small molecule,C25H23N5O2S,457.56,Ro-318220,IN199
BDBM50363957,CHEMBL1952210,,125000.0,,,Ro4383596,Small molecule,C24H25N5O3,431.5,Ro-4383596,IN200
BDBM3532,CHEMBL7917,,100000.0,,,TYRPHOSTIN AG1478,Small molecule,C16H14ClN3O2,315.76,AG-1478,IN201
BDBM50229772,CHEMBL399981,43.0,,,,1-Hexylindolactam-V,Small molecule,C23H35N3O2,385.55,1-Hexylindolactam-V,IN202
BDBM7782,CHEMBL26241,,13800.0,,,KRM7777,Small molecule,C11H12N2O2S,236.3,KRM-7777,IN203
BDBM50266189,CHEMBL512208,,38700.0,,,KRM195,Small molecule,C17H15FN2O2S,330.38,KRM-195,IN204
BDBM50265884,CHEMBL449063,,5800.0,,,KRM189,Small molecule,C10H9ClN2O2S,256.71,KRM-189,IN205
BDBM50292351,CHEMBL509516,118.0,,,,BRYOSTATIN 16,Small molecule,C42H62O14,790.94,Bryostatin 16,IN206
BDBM50292350,CHEMBL452391,188.0,,,,BRYOSTATIN 17,Small molecule,C42H62O14,790.94,"Delta 19,20-Bryostatin 10, Bryostatin 17",IN207
BDBM50292349,CHEMBL505767,4.8,,,,BRYOSTATIN 18,Small molecule,C42H64O15,808.96,Bryostatin 18,IN208
BDBM50292348,CHEMBL501262,1.6,,,,BRYOSTATIN 10,Small molecule,C42H64O15,808.96,Bryostatin 10,IN209
BDBM50345578,CHEMBL1784623,,40350.0,,,HIPPOLIDE E,Small molecule,C25H38O4,402.58,Hippolide E,IN210
BDBM23926,CHEMBL165,,,,5780000.0,RESVERATROL,Small molecule,C14H12O3,228.25,"Resveratrol, (E)-resveratrol, 3,5,4&#39, -Trihydroxy-trans-stilbene",IN211
BDBM23928,CHEMBL296411,,,,1560000.0,TRISMETHOXYRESVERATROL,Small molecule,C17H18O3,270.33,"(E)-3,5,40-Trimethoxystilbene, 8E-3,4&#39, ,5-Trimethoxystilbene, (E)-3,5,4&#39, -Trimethoxystilbene, Trans-3,4&#39, ,5-Trimethoxystilbene, 3,5,4&#39, -Trimethoxystilbene, Trismethoxyresveratrol",IN212
BDBM50229962,CHEMBL259850,,100000000.0,,,ARA014418,Small molecule,C12H12N4O4S,308.32,AR-A014418,IN213
BDBM50133057,CHEMBL340259,,86.0,,,INDOLYLYLMALEIMIDE 2,Small molecule,C28H27N3O5,485.54,Indolylylmaleimide 2,IN214
BDBM50133059,CHEMBL340935,,673.0,,,INDOLYLYLMALEIMIDE 1,Small molecule,C27H26N4O5,486.53,Indolylylmaleimide 1,IN215
BDBM2583,CHEMBL266487,,1599.0,,,RO316233,Small molecule,C20H13N3O2,327.34,Ro-31-6233,IN216
BDBM50377352,CHEMBL261592,,50000.0,,,BMS645737,Small molecule,C20H20N8O,388.44,BMS-645737,IN217
BDBM50269518,CHEMBL452413,,14800.0,,,PLANTAINOSIDE D,Small molecule,C29H36O16,640.59,Plantainoside D,IN218
BDBM50269517,CHEMBL504363,,1900.0,,,FORSYTHIASIDE,Small molecule,C29H36O15,624.59,Forsythiaside,IN219
BDBM50241873,CHEMBL499145,,24400.0,,,POLIUMOSIDE,Small molecule,C35H46O19,770.73,Poliumoside,IN220
BDBM50250137,CHEMBL504574,,50000.0,,,NSC73306,Small molecule,C16H14N4O2S,326.38,NSC-73306,IN221
BDBM50282633,CHEMBL26501,,22.0,,,RO320432,Small molecule,C28H28N4O2,452.56,Ro-32-0432,IN222
BDBM50335314,CHEMBL1233524,,59000.0,,,MK3281,Small molecule,C29H37N3O3,475.63,MK-3281,IN223
BDBM50400047,CHEMBL2177736,,90.0,,,PRT2607,Small molecule,C19H23N9O,393.45,"PRT-2607, P505-15, PRT-062607, BIIB-057",IN224
BDBM50285193,CHEMBL294120,,270.0,,,LY317644,Small molecule,C27H25N3O4,455.51,LY-317644,IN225
BDBM50103962,CHEMBL80460,,150000.0,,,PLATANIC ACID,Small molecule,C29H46O4,458.68,Platanic Acid,IN226
BDBM23207,CHEMBL23236,,150000.0,,,BETULIN,Small molecule,C30H50O2,442.73,Betulin,IN227
BDBM50292434,CHEMBL509422,,150000.0,,,Betulinic Acid 28-O-Carboxymethylmethylate,Small molecule,C33H52O5,528.77,Betulinic Acid 28-O-Carboxymethylmethylate,IN228
BDBM50103967,CHEMBL312687,,150000.0,,,3-Acetylbetulinic Acid,Small molecule,C32H50O4,498.75,"3-Acetylbetulinic Acid, 3-O-Acetyl Betulinic Acid, Betulinic Acid 3-O-Acetate, (3-O-Acetyl)Betulinic Acid",IN229
BDBM50292432,CHEMBL509553,,150000.0,,,Betulinic Acid 3-O-Benzoate,Small molecule,C37H52O4,560.82,Betulinic Acid 3-O-Benzoate,IN230
BDBM50292435,CHEMBL448637,,150000.0,,,Betulinic Acid 3-O-Crotonate,Small molecule,C34H52O4,524.79,Betulinic Acid 3-O-Crotonate,IN231
BDBM50292431,CHEMBL446317,,150000.0,,,Betulinic Acid 3-O-Succinate,Small molecule,C34H52O6,556.78,Betulinic Acid 3-O-Succinate,IN232
BDBM50002692,CHEMBL129,,150000.0,,,ZIDOVUDINE,Small molecule,C10H13N5O4,267.25,"AZT, Azidothymidine, Compound S, BW-A509U, BWA509U, Zidovudine, Retrovir, BW-A-509U, Azidothymidine, Retrovir, Zidovudine, AZT",IN233
BDBM50059889,CHEMBL162,,4.0,,,GNFPf1389,Small molecule,C28H26N4O3,466.54,"GNF-Pf-1389, AM-2282",IN234
BDBM14487,CHEMBL477,,278000.0,,,ADENOSINE,Small molecule,C10H13N5O4,267.25,"Adenosine, SR-96225, Adenoscan, Adenosine, Adenocor, Adenocard",IN235
BDBM50098227,CHEMBL275750,2500.0,,,,AD198,Small molecule,C40H45NO11,715.8,AD-198,IN236
BDBM50163748,CHEMBL180239,,,,14970.0,CURCUMIN PYRAZOLE,Small molecule,C21H20N2O4,364.4,Curcumin pyrazole,IN237
BDBM25524,CHEMBL13045,,24.0,,,CHELERYTHRINE,Small molecule,C21H18NO4+,348.38,Chelerythrine,IN238
BDBM50345577,CHEMBL1782082,,61970.0,,,HIPPOLIDE A,Small molecule,C25H37NO4,415.57,Hippolide A,IN239
BDBM50233538,CHEMBL230006,,,250.0,,ENOXOLONE,Small molecule,C30H46O4,470.69,"Glycyrrhetic Acid, NSC-35350, Enoxolone, Rhetinic Acid, NSC-35347, Uralenic Acid",IN240
BDBM50358430,CHEMBL1614725,,10000.0,,,TAK285,Small molecule,C26H25ClF3N5O3,547.97,TAK-285,IN241
BDBM65501,CHEMBL230446,,,,257.0,8-pCPT-cGMP,Small molecule,C16H15ClN5O7PS,487.82,8-pCPT-cGMP,IN242
BDBM14031,CHEMBL1233300,150.0,,,,HYDROXYFASUDIL,Small molecule,C14H17N3O3S,307.38,Hydroxy-Fasudil,IN243
BDBM14028,CHEMBL406821,6.0,,,,H1152P,Small molecule,C16H21N3O2S,319.43,H-1152P,IN244
BDBM14032,CHEMBL189657,,19.0,,,SB729743,Small molecule,C10H10N6O,230.23,SB-729743,IN245
BDBM14041,CHEMBL220465,,2.0,,,GSK248233A,Small molecule,C25H24N8O3,484.52,GSK248233A,IN246
BDBM14051,CHEMBL374453,,8.0,,,GSK299115A,Small molecule,C20H16Cl2N4O2,415.28,GSK299115A,IN247
BDBM14052,CHEMBL441702,,9.0,,,GSK270822A,Small molecule,C24H20N4O2,396.45,GSK270822A,IN248
BDBM14053,CHEMBL218720,,9.0,,,GSK466314A,Small molecule,C22H19F3N4O2,428.41,GSK466314A,IN249
BDBM14056,CHEMBL427058,,8.0,,,GSK466317A,Small molecule,C21H16ClF3N4O2,448.83,GSK466317A,IN250
BDBM25487,CHEMBL485598,,75.0,,,GSK317354A,Small molecule,C25H18F4N6O,494.45,GSK317354A,IN251
BDBM322155,CHEMBL2005186,,13110.0,,,SLx2119,Small molecule,C26H24N6O2,452.52,"SLx-2119, KD-025",IN252
BDBM50319005,CHEMBL571948,,120.0,,,Y39983,Small molecule,C16H16N4O,280.33,Y-39983,IN253
BDBM50026798,CHEMBL1956072,,10.0,,,SB742548,Small molecule,C17H18ClN7O,371.83,SB-742548,IN254
BDBM50381716,CHEMBL1980297,,456.0,,,ILORASERTIB,Small molecule,C25H21FN6O2S,488.55,"Ilorasertib, A-968660, ABT-348, ABT-348, A-968660",IN255
BDBM50304148,CHEMBL17551,,181300.0,,,5-Aminoindazole,Small molecule,C7H7N3,133.15,5-Aminoindazole,IN256
BDBM50417857,CHEMBL1667969,,186.0,,,SAR407899,Small molecule,C14H16N2O2,244.29,SAR-407899,IN257
BDBM50013811,CHEMBL275224,,19880.0,,,NORHARMANE,Small molecule,C11H8N2,168.2,"norharmane, norharman, beta-carboline",IN258
BDBM30709,CHEMBL1385840,,59640.0,,,ERGOCORNINE,Small molecule,C31H39N5O5,561.68,Ergocornine,IN259
BDBM32097,CHEMBL216973,,30070.0,,,5-Aminoisoquinoline,Small molecule,C9H8N2,144.18,5-Aminoisoquinoline,IN260
BDBM39246,CHEMBL602837,,34140.0,,,GNFPf4369,Small molecule,C14H14N6O4,330.3,GNF-Pf-4369,IN261
BDBM39302,CHEMBL228792,,21370.0,,,KINETIN,Small molecule,C10H9N5O,215.22,Kinetin,IN262
BDBM50208336,CHEMBL238744,,1000.0,,,SR889,Small molecule,C19H19ClN4O2,370.84,SR-889,IN263
BDBM50208327,CHEMBL397114,,10000.0,,,SR1360,Small molecule,C14H19N5O,273.34,SR-1360,IN264
BDBM50208322,CHEMBL239150,,100.0,,,SR899,Small molecule,C19H19BrN4O2,415.29,SR-899,IN265
BDBM50208323,CHEMBL241271,,80.0,,,SR715,Small molecule,C20H21BrN4O2,429.32,SR-715,IN266
BDBM50208339,CHEMBL240646,,380.0,,,SR1357,Small molecule,C20H23N5O,349.44,SR-1357,IN267
BDBM50208335,CHEMBL239772,,1200.0,,,SR887,Small molecule,C19H19ClN4O2,370.84,SR-887,IN268
BDBM50208334,CHEMBL241270,,350.0,,,SR710,Small molecule,C20H21ClN4O2,384.87,SR-710,IN269
BDBM50208320,CHEMBL240645,,760.0,,,SR1353,Small molecule,C19H20ClN5O,369.86,SR-1353,IN270
BDBM50208331,CHEMBL239149,,800.0,,,SR897,Small molecule,C19H20N4O2,336.39,SR-897,IN271
BDBM50208319,CHEMBL392064,,1700.0,,,SR709,Small molecule,C20H21ClN4O2,384.87,SR-709,IN272
BDBM50208338,CHEMBL394438,,190.0,,,SR1351,Small molecule,C19H20ClN5O,369.86,SR-1351,IN273
BDBM50208332,CHEMBL238945,,3900.0,,,SR895,Small molecule,C16H22N4O2,302.38,SR-895,IN274
BDBM50208337,CHEMBL241064,,770.0,,,SR706,Small molecule,C20H22N4O2,350.42,SR-706,IN275
BDBM50208328,CHEMBL391189,,1300.0,,,SR1349,Small molecule,C19H21N5O,335.41,SR-1349,IN276
BDBM50208317,CHEMBL395942,,10000.0,,,SR705,Small molecule,C15H20N4O2,288.35,SR-705,IN277
BDBM50208318,CHEMBL239816,,13.0,,,SR1459,Small molecule,C20H22BrN5O,428.33,SR-1459,IN278
BDBM50208329,CHEMBL394993,,190.0,,,SR890,Small molecule,C19H19ClN4O2,370.84,SR-890,IN279
BDBM50208325,CHEMBL392609,,150.0,,,SR1457,Small molecule,C20H22ClN5O,383.88,SR-1457,IN280
BDBM50208333,CHEMBL442086,,5300.0,,,SR902,Small molecule,C21H23N5O,361.45,SR-902,IN281
BDBM50208330,CHEMBL240889,,470.0,,,SR1452,Small molecule,C21H25N5O,363.46,SR-1452,IN282
BDBM50208321,CHEMBL240867,,90.0,,,SR1362,Small molecule,C19H20BrN5O,414.31,SR-1362,IN283
BDBM50208326,CHEMBL238763,,830.0,,,SR1450,Small molecule,C20H23N5O,349.44,SR-1450,IN284
BDBM50208324,CHEMBL238762,,6000.0,,,SR1448,Small molecule,C15H21N5O,287.37,SR-1448,IN285
BDBM5544,CHEMBL319467,,600.0,,,NU6102,Small molecule,C18H22N6O3S,402.48,NU-6102,IN286
BDBM50436850,CHEMBL2403108,,1270.0,,,CERITINIB,Small molecule,C28H36ClN5O3S,558.15,"Ceritinib, NVP-LDK378-NX, Zykadia",IN287
BDBM50262685,CHEMBL478629,,210.0,,,DORSOMORPHIN,Small molecule,C24H25N5O,399.5,Dorsomorphin,IN288
BDBM25017,CHEMBL573107,,18.0,,,BID1870,Small molecule,C19H23F2N5O2,391.42,BI-D1870,IN289
BDBM50024294,CHEMBL1725279,,,2200.0,,SP600125,Small molecule,C14H8N2O,220.23,SP-600125,IN290
BDBM50314070,CHEMBL1090089,,,300.0,,PAMAPIMOD,Small molecule,C19H20F2N4O4,406.39,"R-1503, Pamapimod, Ro-4402257, JTT-705",IN291
BDBM50343651,CHEMBL529177,,320.0,,,TCMDC124242,Small molecule,C14H14N4,238.29,TCMDC-124242,IN292
BDBM50151347,CHEMBL185238,,16000.0,,,GW786460X,Small molecule,C17H13N5,287.33,GW786460X,IN293
BDBM50168577,CHEMBL185962,,1.8,,,SB736302,Small molecule,C11H10N6O,242.24,SB-736302,IN294
BDBM50168582,CHEMBL188048,,126.0,,,SB736290,Small molecule,C9H8N6O,216.2,SB-736290,IN295
BDBM50168584,CHEMBL185710,,1540.0,,,SB738561,Small molecule,C10H10N6O,230.23,SB-738561,IN296
BDBM50168591,CHEMBL426800,,2120.0,,,GW785404X,Small molecule,C11H10FN5O,247.23,GW785404X,IN297
BDBM50168587,CHEMBL189231,,3.0,,,SB734117,Small molecule,C14H16N6O,284.32,SB-734117,IN298
BDBM50168852,CHEMBL191105,,617.0,,,SB751399,Small molecule,C13H17N7O,287.33,SB-751399,IN299
BDBM50168863,CHEMBL188240,,174.0,,,SB737198,Small molecule,C12H14N6O2,274.28,SB-737198,IN300
BDBM50168862,CHEMBL188268,,4.0,,,SB750140,Small molecule,C15H13N7O,307.32,SB-750140,IN301
BDBM50168865,CHEMBL365072,,229.0,,,SB751148,Small molecule,C12H14N6O,258.29,SB-751148,IN302
BDBM50168870,CHEMBL187985,,2240.0,,,SB744941,Small molecule,C14H17N7O,299.34,SB-744941,IN303
BDBM50296011,CHEMBL558642,,13.0,,,GSK650394,Small molecule,C25H22N2O2,382.46,GSK-650394,IN304
BDBM50298223,CHEMBL1240885,,2700.0,,,CGP57380,Small molecule,C11H9FN6,244.23,CGP-57380,IN305
BDBM50307127,CHEMBL605003,,100.0,,,SU6656,Small molecule,C19H21N3O3S,371.46,SU-6656,IN306
BDBM50391730,CHEMBL258741,,79000.0,,,N-phenylpyrazole curcumin,Small molecule,C27H24N2O4,440.5,N-phenylpyrazole curcumin,IN307
BDBM14649,CHEMBL202930,,7.0,,,A432411,Small molecule,C20H16N2O3,332.36,A-432411,IN308
BDBM14823,CHEMBL468815,,15600.0,,,BAS00161987,Small molecule,C7H8N6OS,224.25,BAS-00161987,IN309
BDBM17054,CHEMBL1236539,5.6,,,,7-Hydroxystaurosporine,Small molecule,C28H26N4O4,482.54,7-Hydroxystaurosporine,IN310
BDBM17140,CHEMBL304428,15.0,,,,SB218078,Small molecule,C24H15N3O3,393.4,SB-218078,IN311
BDBM50401614,CHEMBL2203843,,6.0,,,CCT244747,Small molecule,C20H24N8O2,408.47,CCT244747,IN312
BDBM50216157,CHEMBL413188,,100.0,,,ISOGRANULATIMIDE,Small molecule,C15H8N4O2,276.26,Isogranulatimide,IN313
BDBM50192349,CHEMBL214253,,47.0,,,PD407824,Small molecule,C20H12N2O3,328.33,PD-407824,IN314
BDBM50389803,CHEMBL2041933,,,,280.0,AZD7762,Small molecule,C17H19FN4O2S,362.43,AZD-7762,IN315
BDBM50136008,CHEMBL150894,,3000.0,,,CEP5214,Small molecule,C28H28N2O3,440.54,CEP-5214,IN316
BDBM50216165,CHEMBL240747,,80.0,,,GRANULATIMIDE,Small molecule,C15H8N4O2,276.26,Granulatimide,IN317
BDBM50309194,CHEMBL588536,,2300.0,,,TCMDC133349,Small molecule,C20H19N3O3,349.39,TCMDC-133349,IN318
BDBM50008923,CHEMBL65,,,,2.1,CAMPTOTHECIN,Small molecule,C20H16N2O4,348.36,NSC-94600,IN319
BDBM50434372,CHEMBL2386889,,3.0,,,SCH900776,Small molecule,C15H18BrN7,376.26,"MK-8776, SCH-900776",IN320
BDBM50379186,CHEMBL2010872,,140.0,,,CEP11981,Small molecule,C28H27N7O,477.57,CEP-11981,IN321
BDBM50426474,CHEMBL1980391,,24.0,,,RG1530,Small molecule,C18H14ClFN4O,356.79,"RG-1530, R-1530",IN322
BDBM7459,CHEMBL151,,21000.0,,,LUTEOLIN,Small molecule,C15H10O6,286.24,"Luteolol, Flacitran, Luteoline, Digitoflavone, Luteolin",IN323
BDBM7458,CHEMBL28,,31000.0,,,APIGENIN,Small molecule,C15H10O5,270.24,NSC-83244,IN324
BDBM7461,CHEMBL117,,300000.0,,,CHRYSIN,Small molecule,C15H10O4,254.24,NSC-407436,IN325
BDBM15236,CHEMBL164,,23000.0,,,MYRICETIN,Small molecule,C15H10O8,318.24,NSC-407290,IN326
BDBM7462,CHEMBL150,,10000.0,,,KAEMPFEROL,Small molecule,C15H10O6,286.24,"Rhamnolutein, Robigenin, Populnetin, Kaempferol, Kempferol, Trifolitin, Pelargidenolon, Swartziol, Rhamnolutin",IN327
BDBM26658,CHEMBL28626,,1600.0,,,MORIN,Small molecule,C15H10O7,302.24,NSC-19801,IN328
BDBM26655,CHEMBL253570,,87000.0,,,GOSSYPETIN,Small molecule,C15H10O8,318.24,"Gossypetin, Articulatidin, Equisporol",IN329
BDBM50121994,CHEMBL1197905,,220000.0,,,PELARGONIDIN,Small molecule,C15H11O5+,271.25,Pelargonidin,IN330
BDBM50095997,CHEMBL13486,,280000.0,,,7-Trihydroxyisoflavone,Small molecule,C15H10O5,270.24,"3',4',7-Trihydroxyisoflavone, 7,3',4'-Trihydroxyisoflavone",IN331
BDBM23416,CHEMBL311498,,300000.0,,,CIANIDANOL,Small molecule,C15H14O6,290.27,"Cianidanol, Cianidol",IN332
BDBM50153015,CHEMBL36327,,300000.0,,,EPICATECHIN GALLATE,Small molecule,C22H18O10,442.38,"Epicatechin Gallate, (-)-Epicatechin Gallate",IN333
BDBM50580,CHEMBL490355,,13150.0,,,SULFURETIN,Small molecule,C15H10O5,270.24,Sulfuretin,IN334
BDBM50335638,CHEMBL1230165,,17.0,,,SILMITASERTIB,Small molecule,C19H12ClN3O2,349.78,"CX-4945, Silmitasertib",IN335
BDBM50242186,CHEMBL454582,,20000.0,,,(+)-Makassaric Acid,Small molecule,C27H38O3,410.6,(+)-Makassaric Acid,IN336
BDBM50242189,CHEMBL455101,,9600.0,,,(+)-Subersic Acid,Small molecule,C27H38O3,410.6,(+)-Subersic Acid,IN337
BDBM50241927,CHEMBL487191,,130000.0,,,PHAEOCHROMYCIN C,Small molecule,C18H16O5,312.32,Phaeochromycin C,IN338
BDBM50175196,CHEMBL197603,,25000.0,,,A770041,Small molecule,C34H39N9O3,621.75,A-770041,IN339
BDBM50240538,CHEMBL57481,,85000.0,,,Isoquinolin-5-ol,Small molecule,C9H7NO,145.16,Isoquinolin-5-ol,IN340
BDBM23450,CHEMBL122617,,100000.0,,,1-NAPHTHOL,Small molecule,C10H8O,144.17,"1-Naphthol, Naphthalen-1-ol, Naphthol",IN341
BDBM50119286,CHEMBL319170,,1090.0,,,PD146626,Small molecule,C12H11NO2S2,265.36,PD-146626,IN342
BDBM50323630,CHEMBL549224,,5200.0,,,TCMDC123917,Small molecule,C26H26N4,394.52,TCMDC-123917,IN343
BDBM50196110,CHEMBL217665,,200000.0,,,GNFPf2857,Small molecule,C20H22N4,318.42,GNF-Pf-2857,IN344
BDBM50366480,CHEMBL14249,,2800.0,,,ADENOSINE TRIPHOSPHATE,Small molecule,C10H16N5O13P3,507.18,Adenosine triphosphate,IN345
BDBM4815,CHEMBL13485,,760.0,,,SU11652,Small molecule,C22H27ClN4O2,414.94,SU-11652,IN346
BDBM3032,CHEMBL29197,,630.0,,,PD153035,Small molecule,C16H14BrN3O2,360.21,PD-153035,IN347
BDBM50326421,CHEMBL421942,,120.0,,,WHIP97,Small molecule,C16H13Br2N3O3,455.11,WHI-P97,IN348
BDBM3603,CHEMBL53753,,1700.0,,,PD158780,Small molecule,C14H12BrN5,330.19,PD-158780,IN349
BDBM30639,CHEMBL1256708,,25.0,,,APOMORPHINE HYDROCHLORIDE HEMIHYDRATE,Small molecule,C17H20ClNO3,321.8,Apomorphine Hydrochloride Hemihydrate,IN350
BDBM32187,CHEMBL1200596,,12.0,,,CHLOROXINE,Small molecule,C9H5Cl2NO,214.05,"Chloroxine, Capitrol",IN351
BDBM50118955,CHEMBL94678,,25.0,,,K-252A(Epi),Small molecule,C27H21N3O5,467.48,K-252A(Epi),IN352
BDBM50045936,CHEMBL69863,,12000.0,,,PICEATANNOL,Small molecule,C14H12O4,244.25,NSC-365798,IN353
BDBM15234,CHEMBL428496,,170.0,,,WORTMANNIN,Small molecule,C23H24O8,428.44,Wortmannin,IN354
BDBM50101817,CHEMBL193,,2020.0,,,NIFEDIPINE,Small molecule,C17H18N2O6,346.34,"Nifedipine, BAY-A-1040, Calanif, Angiopine MR 20, Angiopine 5, Angiopine MR 10, Nifelease, Adalat Ret, Nifensar Xl, Coroday MR, Kentipine MR 10, Nifopress Ret, Tensipine MR 10, Angiopine 10, Adalat IC, Adalate LP, Hypolar Ret 10, Nife-Wolff, Nifedipress MR 20, Adalat, Coracten SR, Hypolar XL 30, Angiopine 40 LA, Slofedipine XL 60, Kentipine MR 20, Adipine MR 20, Adipine XL, Kentipine, Adanif XL, Neozipine XL, Coracten XL, Procardia, Adalat LA 60, Adalat LA 20, Genalat 10 Ret, Nifedipine, Hypolar Ret 20, Adalat A.R., Nifedotard 20 MR, Adalat LA 30, Fortipine LA40, Adalat Cc, Nifopress MR, Genalat 20 Ret, Adipine MR 10, Tensipine MR 20, Valni 20 Ret, Cardilate MR, Calchan MR 10, Valni XL, Nivaten Ret, Calchan MR 20, Nimodrel MR 10, Nimodrel XL, Calcilat, Nimodrel MR 20, Vasad, Procardia Xl, Afeditab Cr, Nifedipress MR 10, Slofedipine XL 30, Unipine XL",IN355
BDBM50216680,CHEMBL143054,150000.0,,,,H1004,Small molecule,C12H15N5O2S,293.35,H-1004,IN356
BDBM50396534,CHEMBL2171124,,701.0,,,GSK2606414,Small molecule,C24H20F3N5O,451.45,GSK2606414,IN357
BDBM6309,CHEMBL189963,,5000.0,,,PALBOCICLIB,Small molecule,C24H29N7O2,447.54,"PD-0332991, Palbociclib, Ibrance",IN358
BDBM12915,CHEMBL98350,,4000.0,,,LY294002,Small molecule,C19H17NO3,307.35,LY-294002,IN359
BDBM23408,CHEMBL413552,,340.0,,,QUERCETAGETIN,Small molecule,C15H10O8,318.24,Quercetagetin,IN360
BDBM26656,CHEMBL247484,,650.0,,,TRICETIN,Small molecule,C15H10O7,302.24,"5,7,3&#39, ,4&#39, ,5&#39, -Pentahydroxyflavone, Tricetinidin, Tricetin",IN361
BDBM7457,CHEMBL31574,,850.0,,,FISETIN,Small molecule,C15H10O6,286.24,NSC-407010,IN362
BDBM26657,CHEMBL242383,,980.0,,,RESOKAEMPFEROL,Small molecule,C15H10O5,270.24,"4&#39, ,7-Dihydroxyflavonol, Resokaempferol",IN363
BDBM26659,CHEMBL253786,,4520.0,,,"3',7-Dihydroxyflavone",Small molecule,C15H10O4,254.24,"7,3'-Dihydroxy Flavone, 7,3'-Dihydroxyflavone",IN364
BDBM26660,CHEMBL210276,,4600.0,,,"3,7-DIHYDROXYFLAVONE",Small molecule,C15H10O4,254.24,"7-Hydroxyflavonol, 3,7-Dihydroxy-Flavone, 3,7-Dihydroxyflavone",IN365
BDBM26661,CHEMBL398328,,7800.0,,,"7,3',4',5'-Tetrahydroxyflavone",Small molecule,C15H10O6,286.24,,IN366
BDBM26662,CHEMBL400890,,8300.0,,,"3,6,2',4'-Tetrahydroxyflavone",Small molecule,C15H10O6,286.24,,IN367
BDBM26663,CHEMBL253998,,12500.0,,,GLABRANIN,Small molecule,C20H20O4,324.38,Glabranin,IN368
BDBM26664,CHEMBL276915,,14000.0,,,7-HYDROXYFLAVONE,Small molecule,C15H10O3,238.24,NSC-94258,IN369
BDBM26665,CHEMBL420982,,22000.0,,,"7,8,4'-Trihydroxy Flavone",Small molecule,C15H10O5,270.24,,IN370
BDBM26667,CHEMBL399910,,107000.0,,,PINOCEMBRIN,Small molecule,C15H12O4,256.26,"(2S)-Pinocembrin, NSC-43318",IN371
BDBM50364776,CHEMBL1952329,,,,200.0,SGI1776,Small molecule,C20H22F3N5O,405.42,SGI-1776,IN372
BDBM50049395,CHEMBL293776,,2710.0,,,HISPIDULIN,Small molecule,C16H12O6,300.27,"NSC-122415, TCMDC-123942",IN373
BDBM50094895,CHEMBL86771,,24700.0,,,"1,4-Diamino-Anthraquinone",Small molecule,C14H10N2O2,238.25,"1,4-Diamino-Anthraquinone",IN374
BDBM50107009,CHEMBL430853,,28000.0,,,RAMENTACEONE,Small molecule,C11H8O3,188.18,"7-Methyljuglone, Ramentaceone",IN375
BDBM11318,CHEMBL289277,,2500.0,,,EMODIN,Small molecule,C15H10O5,270.24,Emodin,IN376
BDBM50014846,CHEMBL107,,4300.0,,,COLCHICINE,Small molecule,C22H25NO6,399.44,"Colchicine, Mitigare, Colcrys, Colchicine",IN377
BDBM50267091,CHEMBL476454,,2100.0,,,BAS1059623,Small molecule,C26H28ClN3O,433.98,BAS-1059623,IN378
BDBM50358043,CHEMBL1794051,,170.0,,,GW5074,Small molecule,C15H10Br2INO2,522.96,GW5074,IN379
BDBM50130248,CHEMBL79004,,1100.0,,,PS1145,Small molecule,C17H11ClN4O,322.75,PS-1145,IN380
BDBM67690,CHEMBL58,,51.0,,,MITOXANTRONE,Small molecule,C22H28N4O6,444.49,"Novantrone, Mitoxantrone, Novantrone, Mitoxantrone HCl",IN381
BDBM16173,CHEMBL945,,6885.0,,,AMILORIDE,Small molecule,C6H8ClN7O,229.63,"Hydro-Ride, Midamor, Amiloride",IN382
BDBM50214857,CHEMBL387748,,1000.0,,,IN1166,Small molecule,C25H19N7,417.48,IN-1166,IN383
BDBM50315769,CHEMBL1090479,,70.0,,,GSK1070916,Small molecule,C30H33N7O,507.64,GSK1070916,IN384
BDBM4567,CHEMBL285063,,10000.0,,,PD168393,Small molecule,C17H13BrN4O,369.22,PD-168393,IN385
BDBM7392,CHEMBL1276127,,10000.0,,,INDIRUBIN,Small molecule,C16H10N2O2,262.27,Indirubin,IN386
BDBM50036936,CHEMBL596482,,21430.0,,,"3',4'-Dimethoxy-Aurone",Small molecule,C17H14O4,282.3,,IN387
BDBM24713,CHEMBL512649,,,,60970.0,"2,4,5,10-Tetrahydropyrazolo[3,4-A]Carbazole",Small molecule,C13H11N3,209.25,"2,4,5,10-Tetrahydropyrazolo[3,4-A]Carbazole",IN388
BDBM67577,CHEMBL587836,,,,10340.0,GNFPf2005,Small molecule,C20H21BrN4O2,429.32,GNF-Pf-2005,IN389
BDBM67593,CHEMBL1303948,,,,37330.0,DNDI1417195,Small molecule,C16H14N2O4,298.3,DNDI1417195,IN390
BDBM43766,CHEMBL414890,,,,120000.0,PROTOAPIGENONE,Small molecule,C15H10O6,286.24,Protoapigenone,IN391
BDBM50056922,CHEMBL173530,,,,32030.0,STICTIC ACID,Small molecule,C19H14O9,386.31,NSC-87511,IN392
BDBM52759,CHEMBL463563,,,,9681.0,ISOTHYMONIN,Small molecule,C18H16O8,360.32,Isothymonin,IN393
BDBM67628,CHEMBL578061,,,,14880.0,GNFPf2301,Small molecule,C16H14N4,262.32,GNF-Pf-2301,IN394
BDBM67635,CHEMBL531296,,,,18420.0,TCMDC123600,Small molecule,C21H23BrN4O2,443.35,TCMDC-123600,IN395
BDBM23412,CHEMBL172350,,,,11000.0,EUPAFOLIN,Small molecule,C16H12O7,316.26,"Pedaltin, 6-Methoxyluteolin, Eupafolin, 6-Methoxy 5,7,3&#39, ,4&#39, -Tetrahydroxyflavone",IN396
BDBM67638,CHEMBL196814,,,,5250.0,HTS05056,Small molecule,C14H13N3O,239.28,HTS-05056,IN397
BDBM65549,CHEMBL300389,,,,5220.0,CGP60474,Small molecule,C18H18ClN5O,355.83,"CGP-60474, GNF-Pf-88",IN398
BDBM23446,CHEMBL45068,,,,21410.0,PHLORETIN,Small molecule,C15H14O5,274.27,"Phloretin, 2&#39, ,4,4&#39, ,6&#39, -Tetrahydroxydihydrochalcone, 2&#39, ,4,4&#39, ,6&#39, -Tetrahydroxy-Dihydrochalcone",IN399
BDBM4293,CHEMBL56393,,,,44890.0,AG538,Small molecule,C16H11NO5,297.27,AG-538,IN400
BDBM59086,CHEMBL1195210,,,,120000.0,ALEXIDINE,Small molecule,C26H56N10,508.8,"WIN-21904, Compound 904, Alexidine",IN401
BDBM50108046,CHEMBL43065,,,,9657.0,OXYRESVERATROL,Small molecule,C14H12O4,244.25,"Trans-2,4,3&#39, ,5&#39, -Tetrahydroxystilbene, Oxyresveratrol",IN402
BDBM50241242,CHEMBL233929,,,,12920.0,GALUTEOLIN,Small molecule,C21H20O11,448.38,"Luteolin-7-Glucoside, Glucoluteolin, Luteolin 7-Glucoside, Galuteolin, Luteolin 7-O-Glucoside",IN403
BDBM6644,CHEMBL585,,36800.0,,,TRIAMTERENE,Small molecule,C12H11N7,253.27,"SK-8542, Triamterene, SK&amp, F-8542, Dyrenium, Dytac",IN404
BDBM50008516,CHEMBL576349,,1240.0,,,IC261,Small molecule,C18H17NO4,311.34,IC261,IN405
BDBM50240382,CHEMBL17594,,40000.0,,,QUINIZARIN,Small molecule,C14H8O4,240.21,"1,4-Dihydroxy-Anthraquinone, Quinizarin, 1,4 Dihydroxy-Anthraquinone, 1,4-Dihydroxyanthraquinone",IN406
BDBM49375,CHEMBL1405979,,330.0,,,2-Phenylacetylaminobenzothiazole,Small molecule,C15H12N2OS,268.34,2-Phenylacetylaminobenzothiazole,IN407
BDBM50399656,CHEMBL2069623,,32.0,,,PF4800567,Small molecule,C17H18ClN5O2,359.82,PF-4800567,IN408
BDBM50364141,CHEMBL1951415,,32.0,,,PF670462,Small molecule,C19H20FN5,337.4,PF-670462,IN409
BDBM50142887,CHEMBL406845,,41.0,,,AG1879,Small molecule,C15H16ClN5,301.78,AG-1879,IN410
BDBM7262,CHEMBL50894,,35.0,,,ALSTERPAULLONE,Small molecule,C16H11N3O3,293.28,Alsterpaullone,IN411
BDBM84533,CHEMBL260138,,0.23,,,ALSTERPAULLONE 2,Small molecule,C19H14N4O3,346.35,2-Cyanoethyl Alsterpaullone,IN412
BDBM148264,CHEMBL3545110,,15000.0,,,RIBOCICLIB,Small molecule,C23H30N8O,434.55,"LEE-011, NVP-LEE011, Ribociclib",IN413
BDBM50132003,CHEMBL126077,,180.0,,,INDIRUBIN-3-MONOXIME,Small molecule,C16H11N3O2,277.28,"Indirubin-3-Monoxime, Indirubin-3&#39, -Oxime, Indirubin-3&#39, -Monooxime, Indirubin-3-Oxime, Indirubin-3Monoxime",IN414
BDBM50179207,CHEMBL120077,,10000.0,,,JNJ10198409,Small molecule,C18H16FN3O2,325.34,JNJ-10198409,IN415
BDBM50051816,CHEMBL89618,,1000000.0,,,D20317,Small molecule,C24H50NO4P,447.64,D-20317,IN416
BDBM50205363,CHEMBL228862,,200000.0,,,6-BENZYLAMINOPURINE,Small molecule,C12H11N5,225.25,Benzyl Aminopurine,IN417
BDBM5718,CHEMBL280074,,6000.0,,,OLOMOUCINE,Small molecule,C15H18N6O,298.35,"Olomoucine, Olomucine",IN418
BDBM33218,CHEMBL226345,,200000.0,,,ADENINE,Small molecule,C5H5N5,135.13,Adenine,IN419
BDBM50021613,CHEMBL452220,,10000.0,,,ATOLAPHYLLIDINE,Small molecule,C18H15NO4,309.32,Atolaphyllidine,IN420
BDBM50326171,CHEMBL1243004,,910.0,,,"Dimethyl 6,6'-Sulfonylbis(3-Acetamidobenzoate)",Small molecule,C20H20N2O8S,448.45,,IN421
BDBM50326174,CHEMBL1240761,,2500.0,,,"2-Hydroxyethyl 3,4-Dichlorophenylcarbamodithioate",Small molecule,C9H9Cl2NOS2,282.22,"2-Hydroxyethyl 3,4-Dichlorophenylcarbamodithioate",IN422
BDBM5775,CHEMBL79049,,20.0,,,CGP60747,Small molecule,C17H14F3N3O2,349.31,CGP-60747,IN423
BDBM50378824,CHEMBL1242367,,50000.0,,,CGP082996,Small molecule,C27H32N6O,456.59,CGP-082996,IN424
BDBM7266,CHEMBL296586,,400.0,,,KENPAULLONE,Small molecule,C16H11BrN2O,327.18,Kenpaullone,IN425
BDBM7263,CHEMBL299756,,24.0,,,PAULLONE 2,Small molecule,C17H11N3O,273.3,Paullone 2,IN426
BDBM50079331,CHEMBL418203,,300.0,,,(+/-)-Flavopiridol,Small molecule,C21H20ClNO5,401.85,(+/-)-Flavopiridol,IN427
BDBM7287,CHEMBL430574,,7000.0,,,PAULLONE,Small molecule,C16H12N2O,248.29,Paullone,IN428
BDBM50088900,CHEMBL169757,,54000.0,,,CGP62464,Small molecule,C18H14N4,286.34,CGP-62464,IN429
BDBM50191405,CHEMBL373834,,22000.0,,,7-Bromoindirubin-3'Oxime,Small molecule,C16H10BrN3O2,356.18,,IN430
BDBM50269842,CHEMBL478797,,13000.0,,,MICROXINE,Small molecule,C8H11N5O4S,273.27,Microxine,IN431
BDBM50099963,CHEMBL30432,,8000.0,,,GW282974X,Small molecule,C23H21N7,395.47,"GW282974X, GW2974",IN432
BDBM5566,CHEMBL303958,2500.0,,,,NU6027,Small molecule,C11H17N5O2,251.29,NU-6027,IN433
BDBM9503,CHEMBL153843,,10000.0,,,AAL993,Small molecule,C20H16F3N3O,371.36,AAL-993,IN434
BDBM4810,CHEMBL276711,,10000.0,,,SEMAXANIB,Small molecule,C15H14N2O,238.29,"Semaxinib, Semaxanib, SU-5416",IN435
BDBM14210,CHEMBL202721,,10.0,,,TCMDC125873,Small molecule,C29H31N5O4,513.6,"TCMDC-125873, ZM-447439",IN436
BDBM7684,CHEMBL270054,,300.0,,,GW280670X,Small molecule,C14H11ClN4O3S,350.79,GW280670X,IN437
BDBM7686,CHEMBL269827,,10.0,,,GW276655X,Small molecule,C17H13N5O4S,383.39,GW276655X,IN438
BDBM7693,CHEMBL270544,,15.0,,,GW396574X,Small molecule,C18H18N4O3S,370.43,GW396574X,IN439
BDBM7723,CHEMBL272026,,230.0,,,GW290597X,Small molecule,C21H21N7O4S,467.51,GW290597X,IN440
BDBM7722,CHEMBL272028,,60.0,,,GW300660X,Small molecule,C20H19N7O4S,453.48,GW300660X,IN441
BDBM7726,CHEMBL410072,,60.0,,,GW301784X,Small molecule,C20H23N5O5S,445.5,GW301784X,IN442
BDBM7730,CHEMBL271594,,790.0,,,GW300653X,Small molecule,C17H18N4O3S,358.42,GW300653X,IN443
BDBM7707,CHEMBL271843,,330.0,,,GW275944X,Small molecule,C15H14N4O3S,330.37,GW275944X,IN444
BDBM7724,CHEMBL272165,,74.0,,,GW300657X,Small molecule,C21H18N6O4S,450.48,GW300657X,IN445
BDBM50242173,CHEMBL485818,,14360.0,,,BAICALIN,Small molecule,C21H18O11,446.36,Baicalin,IN446
BDBM50262445,CHEMBL517516,,11640.0,,,BAICALIN METHYLATE,Small molecule,C22H20O11,460.39,Baicalin Methylate,IN447
BDBM50197834,CHEMBL388956,,200.0,,,ARISTOLACTAM AIIIA,Small molecule,C16H11NO4,281.27,SCH-546909,IN448
BDBM50306874,CHEMBL609040,,214.0,,,SCH535270,Small molecule,C16H9NO4,279.25,SCH-535270,IN449
BDBM50269948,CHEMBL514554,,486.0,,,PF228,Small molecule,C22H20F3N5O3S,491.5,PF-228,IN450
BDBM50103203,CHEMBL287508,,5500.0,,,MR22388,Small molecule,C16H11NO3S,297.34,MR-22388,IN451
BDBM50246253,CHEMBL488436,,62.0,,,AZD5438,Small molecule,C18H21N5O2S,371.47,AZD-5438,IN452
BDBM50139171,CHEMBL2103840,,72.0,,,DINACICLIB,Small molecule,C21H28N6O2,396.5,"MK-7965, SCH-727965, Dinaciclib",IN453
BDBM50363196,CHEMBL1944698,,3.0,,,TG02,Small molecule,C23H24N4O,372.47,"TG02, SB-1317, TG-02",IN454
BDBM59087,CHEMBL602937,,50000.0,,,FASCAPLYSIN,Small molecule,C18H11N2O+,271.3,Fascaplysin,IN455
BDBM50314074,CHEMBL1089405,,20900.0,,,AP23464,Small molecule,C26H30N5O2P,475.53,AP-23464,IN456
BDBM61867,CHEMBL234338,,150000.0,,,"5,6,7,8,4'-Pentahydroxyflavone",Small molecule,C15H10O7,302.24,,IN457
